번호,날짜,품목명,분류,단가,수량,금액
1,2026-09-01,아메리카노,음료,2500,14,35000
2,2026-09-01,샌드위치,식품,4500,8,36000
3,2026-09-01,연필,문구,500,10,5000
4,2026-09-01,파일철,문구,3000,20,60000
5,2026-09-02,컵라면,식품,1800,18,32400
6,2026-09-02,볼펜,문구,1000,12,12000
7,2026-09-02,USB 케이블,전자기기,5000,14,70000
8,2026-09-03,파일철,문구,3000,16,48000
9,2026-09-03,쿠키,식품,2000,14,28000
10,2026-09-03,오렌지주스,음료,2200,20,44000
11,2026-09-04,아메리카노,음료,2500,14,35000
12,2026-09-04,오렌지주스,음료,2200,16,35200
13,2026-09-04,쿠키,식품,2000,6,12000
14,2026-09-04,마우스,전자기기,15000,20,300000
15,2026-09-05,아메리카노,음료,2500,10,25000
16,2026-09-05,파일철,문구,3000,4,12000
17,2026-09-05,USB 케이블,전자기기,5000,18,90000
18,2026-09-06,샌드위치,식품,4500,8,36000
19,2026-09-06,아메리카노,음료,2500,2,5000
20,2026-09-06,파일철,문구,3000,12,36000
21,2026-09-07,쿠키,식품,2000,18,36000
22,2026-09-07,파일철,문구,3000,8,24000
23,2026-09-07,컵라면,식품,1800,10,18000
24,2026-09-07,파일철,문구,3000,4,12000
25,2026-09-08,연필,문구,500,18,9000
26,2026-09-08,파일철,문구,3000,20,60000
27,2026-09-08,아메리카노,음료,2500,2,5000
28,2026-09-09,오렌지주스,음료,2200,16,35200
29,2026-09-09,아메리카노,음료,2500,14,35000
30,2026-09-09,볼펜,문구,1000,4,4000
31,2026-09-10,쿠키,식품,2000,2,4000
32,2026-09-10,파일철,문구,3000,20,60000
33,2026-09-10,연필,문구,500,18,9000
34,2026-09-10,파일철,문구,3000,4,12000
35,2026-09-11,USB 케이블,전자기기,5000,18,90000
36,2026-09-11,볼펜,문구,1000,16,16000
37,2026-09-11,USB 케이블,전자기기,5000,2,10000
38,2026-09-12,마우스,전자기기,15000,4,60000
39,2026-09-12,연필,문구,500,6,3000
40,2026-09-12,오렌지주스,음료,2200,8,17600
41,2026-09-13,USB 케이블,전자기기,5000,10,50000
42,2026-09-13,샌드위치,식품,4500,16,72000
43,2026-09-13,컵라면,식품,1800,6,10800
44,2026-09-13,샌드위치,식품,4500,8,36000
45,2026-09-14,아메리카노,음료,2500,2,5000
46,2026-09-14,파일철,문구,3000,20,60000
47,2026-09-14,연필,문구,500,10,5000
48,2026-09-15,파일철,문구,3000,4,12000
49,2026-09-15,연필,문구,500,18,9000
50,2026-09-15,샌드위치,식품,4500,8,36000
51,2026-09-16,쿠키,식품,2000,10,20000
52,2026-09-16,마우스,전자기기,15000,16,240000
53,2026-09-16,쿠키,식품,2000,14,28000
54,2026-09-16,마우스,전자기기,15000,8,120000
55,2026-09-17,아메리카노,음료,2500,6,15000
56,2026-09-17,파일철,문구,3000,8,24000
57,2026-09-17,연필,문구,500,10,5000
58,2026-09-18,샌드위치,식품,4500,20,90000
59,2026-09-18,아메리카노,음료,2500,2,5000
60,2026-09-18,볼펜,문구,1000,20,20000
61,2026-09-19,연필,문구,500,14,7000
62,2026-09-19,파일철,문구,3000,4,12000
63,2026-09-19,컵라면,식품,1800,2,3600
64,2026-09-19,볼펜,문구,1000,16,16000
65,2026-09-20,아메리카노,음료,2500,18,45000
66,2026-09-20,샌드위치,식품,4500,12,54000
67,2026-09-20,컵라면,식품,1800,10,18000
68,2026-09-21,마우스,전자기기,15000,20,300000
69,2026-09-21,연필,문구,500,2,1000
70,2026-09-21,볼펜,문구,1000,8,8000
71,2026-09-22,쿠키,식품,2000,18,36000
72,2026-09-22,오렌지주스,음료,2200,20,44000
73,2026-09-22,컵라면,식품,1800,14,25200
74,2026-09-22,볼펜,문구,1000,12,12000
75,2026-09-23,컵라면,식품,1800,10,18000
76,2026-09-23,샌드위치,식품,4500,4,18000
77,2026-09-23,USB 케이블,전자기기,5000,6,30000
78,2026-09-24,마우스,전자기기,15000,12,180000
79,2026-09-24,아메리카노,음료,2500,14,35000
80,2026-09-24,오렌지주스,음료,2200,20,44000
81,2026-09-25,컵라면,식품,1800,6,10800
82,2026-09-25,마우스,전자기기,15000,16,240000
83,2026-09-25,쿠키,식품,2000,2,4000
84,2026-09-25,볼펜,문구,1000,8,8000
85,2026-09-26,연필,문구,500,18,9000
86,2026-09-26,오렌지주스,음료,2200,16,35200
87,2026-09-26,USB 케이블,전자기기,5000,2,10000
88,2026-09-27,샌드위치,식품,4500,20,90000
89,2026-09-27,USB 케이블,전자기기,5000,2,10000
90,2026-09-27,샌드위치,식품,4500,20,90000
91,2026-09-28,연필,문구,500,2,1000
92,2026-09-28,파일철,문구,3000,8,24000
93,2026-09-28,연필,문구,500,2,1000
94,2026-09-28,오렌지주스,음료,2200,12,26400
95,2026-09-29,컵라면,식품,1800,14,25200
96,2026-09-29,오렌지주스,음료,2200,12,26400
97,2026-09-29,쿠키,식품,2000,18,36000
98,2026-09-30,샌드위치,식품,4500,4,18000
99,2026-09-30,USB 케이블,전자기기,5000,14,70000
100,2026-09-30,마우스,전자기기,15000,12,180000
